step,loss,learning_rate,elapsed_s
1,2.857813,0.00e+00,424.8
2,2.828879,1.00e-05,919.7
3,2.969160,2.00e-05,1331.5
4,2.868954,3.00e-05,1754.3
5,3.006536,4.00e-05,2216.9
6,2.841888,5.00e-05,2658.6
7,2.852577,6.00e-05,3086.6
8,2.695538,7.00e-05,3597.6
9,2.831478,8.00e-05,4090.2
10,2.768409,9.00e-05,4546.4
11,2.508809,1.00e-04,5092.1
12,2.588208,1.10e-04,5683.2
13,2.707670,1.20e-04,6365.4
14,2.618578,1.30e-04,6983.5
