condition,alternative,mean_cond,mean_base,mean_diff,ci_lo,ci_hi,boot_mean_diff,wilcoxon_W,p_wilcoxon,p_wilcoxon_holm,p_mannwhitney_naive,n_prompts,n_zero_diff,n_completions
GT,greater,1.47,0.847,0.623,0.457,0.8,0.624,105.0,0.0004851198761851069,0.0014553596285553207,1.2598733416760945e-17,15,1,300
PS,less,0.507,0.847,-0.34,-0.46,-0.22,-0.341,1.0,0.000607403865458859,0.0014553596285553207,5.925803477049479e-18,15,1,300
N,greater,2.153,0.847,1.307,0.843,1.82,1.305,120.0,0.00032419262673079855,0.0012967705069231942,1.3719686034660615e-36,15,0,300
GT-HB,greater,1.763,0.847,0.917,0.65,1.163,0.916,105.0,0.00048652826472334255,0.0014553596285553207,2.1091108374394484e-27,15,1,300
