step,loss,learning_rate,elapsed_s
1,2.766141,0.00e+00,10.4
2,2.925448,1.50e-07,16.4
3,2.844064,3.00e-07,22.5
4,2.872671,4.50e-07,28.5
5,2.851027,6.00e-07,34.6
6,2.915649,7.50e-07,40.7
7,2.908818,9.00e-07,46.8
8,2.762623,1.05e-06,53.0
9,2.791418,1.20e-06,59.2
10,2.895575,1.35e-06,65.7
11,2.865225,1.50e-06,73.8
12,2.795368,1.65e-06,83.9
